<?xml version="1.0" encoding="UTF-8" standalone="yes"?>
<addon id="repository.alpha.yt" name="[COLOR snow]Alpha YT Repository[/COLOR]" version="1.0.0" provider-name="G-Man">
<extension point="xbmc.addon.repository" name="Alpha YT Repository">
    <dir>
        <info compressed="false">https://github.com/mrgsi/repository.alpha.yt/raw/master/addons.xml</info>
        <checksum>https://github.com/mrgsi/repository.alpha.yt/raw/master/addons.xml.md5</checksum>
        <datadir zip="true">https://raw.githubusercontent.com/mrgsi/repository.alpha.yt/master/</datadir>
    </dir>  
</extension>
<extension point="xbmc.addon.metadata">
	<summary>YouTube Alpha</summary>
    <description>This is an unofficial repo to host the latest versions of the YouTube add-on.[CR]It was created for other G-Man repositories to have the most recent version of YouTube by it's developer.[CR]I offer no support of this but it is publically available to anyone</description>
    <platform>all</platform>
    <disclaimer lang="en">https://github.com/anxdpanic/plugin.video.youtube</disclaimer>
    <assets>
        <icon>icon.png</icon>
    </assets>
</extension>
</addon>