<?xml version="1.0" encoding="UTF-8" standalone="yes"?>
<addon id="repository.topg" name="[COLOR khaki]Top-G Repository[/COLOR]" version="1.0.0" provider-name="G-Man">
<extension point="xbmc.addon.repository" name="Top-G Repository">
    <dir>
        <info compressed="false">https://github.com/mrgsi/repository.topg/raw/master/addons.xml</info>
        <checksum>https://github.com/mrgsi/repository.topg/raw/master/addons.xml.md5</checksum>
        <datadir zip="true">https://raw.githubusercontent.com/mrgsi/repository.topg/master/</datadir>
    </dir> 
    <dir>
        <info compressed="false">https://raw.githubusercontent.com/mrgsi/repository.gsource/master/addons.xml</info>       <checksum>https://raw.githubusercontent.com/mrgsi/repository.gsource/master/addons.xml.md5</checksum>
        <datadir zip="true">https://raw.githubusercontent.com/mrgsi/repository.gsource/master/</datadir>
    </dir>   
	<dir>
		<info compressed="false">https://raw.githubusercontent.com/Gujal00/smrzips/master/addons.xml</info>
		<checksum>https://raw.githubusercontent.com/Gujal00/smrzips/master/addons.xml.md5</checksum>
		<datadir zip="true">https://raw.githubusercontent.com/Gujal00/smrzips/master/zips/</datadir>
    </dir>
    <dir>
		<info compressed="false">https://raw.githubusercontent.com/thecrewwh/zips/master/matrix/_zip/addons.xml</info>
        <checksum>https://raw.githubusercontent.com/thecrewwh/zips/master//matrix/_zip/addons.xml.md5</checksum>
		<datadir zip="true">https://raw.githubusercontent.com/thecrewwh/zips/master//matrix/_zip</datadir>
	</dir>
    <dir>
        <info compressed="false">https://raw.githubusercontent.com/jurialmunkey/repository.jurialmunkey/master/matrix/zips/addons.xml</info>
        <checksum>https://raw.githubusercontent.com/jurialmunkey/repository.jurialmunkey/master/matrix/zips/addons.xml.md5</checksum>
        <datadir zip="true">https://raw.githubusercontent.com/jurialmunkey/repository.jurialmunkey/master/matrix/zips/</datadir>
    </dir>
    <dir>
        <info compressed="false">https://raw.githubusercontent.com/jewbmx/repo/master/zips/addons.xml</info>
        <checksum>https://raw.githubusercontent.com/jewbmx/repo/master/zips/addons.xml.md5</checksum>
        <datadir zip="true">https://raw.githubusercontent.com/jewbmx/repo/master/zips/</datadir>
    </dir>
    <dir>
        <info compressed="false">https://raw.githubusercontent.com/umbrellaplug/umbrellaplug.github.io/master/matrix/zips/addons.xml</info>
        <checksum>https://raw.githubusercontent.com/umbrellaplug/umbrellaplug.github.io/master/matrix/zips/addons.xml.md5</checksum>      
        <datadir zip="true">https://raw.githubusercontent.com/umbrellaplug/umbrellaplug.github.io/master/matrix/zips/</datadir>
    </dir>
    <dir>
        <info compressed="false">https://raw.githubusercontent.com/CocoJoe2411/repository.cocoscrapers/master/zips/addons.xml</info>
         <checksum>https://raw.githubusercontent.com/CocoJoe2411/repository.cocoscrapers/master/zips/addons.xml.md5</checksum>
        <datadir zip="true">https://raw.githubusercontent.com/CocoJoe2411/repository.cocoscrapers/master/zips/</datadir>
    </dir>
    <dir>
        <info compressed="false">http://www.ezzer-mac.com/_repo/addons.xml</info>
        <checksum>http://www.ezzer-mac.com/_repo/addons.xml.md5</checksum>
        <datadir zip="true">http://www.ezzer-mac.com/_repo/</datadir>
	</dir>
    <dir minversion="18.9.0">
        <info compressed="false">https://raw.githubusercontent.com/a4k-openproject/repository.openwizard/master/matrix/zips/addons.xml</info>
        <checksum>https://raw.githubusercontent.com/a4k-openproject/repository.openwizard/master/matrix/zips/addons.xml.md5</checksum>
        <datadir zip="true">https://raw.githubusercontent.com/a4k-openproject/repository.openwizard/master/matrix/zips/</datadir>
    </dir>
    <dir>
        <info compressed="false">https://raw.githubusercontent.com/peno64/repository.peno64/master/repo/zips/addons.xml</info>
         <checksum>https://raw.githubusercontent.com/peno64/repository.peno64/master/repo/zips/addons.xml.md5</checksum>
        <datadir zip="true">https://raw.githubusercontent.com/peno64/repository.peno64/master/repo/zips/</datadir>
    </dir>
	<dir minversion="19.0.0">
        <info compressed="false">https://raw.githubusercontent.com/peno64/repository.peno64/master/matrix/zips/addons.xml</info>
         <checksum>https://raw.githubusercontent.com/peno64/repository.peno64/master/matrix/zips/addons.xml.md5</checksum>
        <datadir zip="true">https://raw.githubusercontent.com/peno64/repository.peno64/master/matrix/zips/</datadir>
    </dir>
    <dir>
        <info>https://raw.githubusercontent.com/newt-sc/a4kSubtitles/master/packages/addons.xml</info>
        <checksum>https://raw.githubusercontent.com/newt-sc/a4kSubtitles/master/packages/addons.xml.crc</checksum>
        <datadir>https://github.com/newt-sc/a4kSubtitles/archive</datadir>
    </dir>
</extension>
<extension point="xbmc.addon.metadata">
    <platform>all</platform>
    <summary>G-Man's Top Picks of Great Repos</summary>
    <description>A few of the best (in my opinion) repos for Kodi Matrix.[CR]There are other great options but I tried to keep the selection to a minimum.</description>
    <assets>
        <icon>icon.png</icon>
    </assets>
</extension>
</addon>