<?xml version="1.0" encoding="UTF-8" standalone="yes" ?>
<addon id="script.module.247sports" name="Asgard  24/7 Sports" version="1.0.2g" provider-name="Z3R0">
    <requires>
        <import addon="xbmc.python" version="3.0.0"/>
        <import addon="script.module.requests" />
        <import addon="script.module.inputstreamhelper" />
        <import addon="script.module.six"/>
    </requires>
    <extension point="xbmc.python.pluginsource" library="addon.py">
        <provides>all</provides>
    </extension>
    <extension point="xbmc.addon.metadata">
         <summary lang="en">Forked from Daddylive add-on for Asgard Users. Any & all credit goes to the original developer</summary>
        <description lang="en">A selection of 24/7 Live Sports Channels</description>
        <platform>all</platform>
        <license></license>
        <website></website>
        <assets>
            <icon>icon.png</icon>
            <fanart>fanart.jpg</fanart>
        </assets>
    </extension>
</addon>