<?xml version="1.0" encoding="UTF-8" standalone="yes"?>
<addon id="repository.topg" name="[COLOR khaki]Top-G Repository[/COLOR]" version="1.3.0" provider-name="G-Man">
<extension point="xbmc.addon.repository" name="Top-G Repository">
    <dir>
        <info compressed="false">https://github.com/mrgsi/repository.topg/raw/master/addons.xml</info>
        <checksum>https://github.com/mrgsi/repository.topg/raw/master/addons.xml.md5</checksum>
        <datadir zip="true">https://raw.githubusercontent.com/mrgsi/repository.topg/master/</datadir>
    </dir> 
    <dir>
        <info compressed="false">https://github.com/mrgsi/repository.wnt2/raw/master/addons.xml</info>
        <checksum>https://github.com/mrgsi/repository.wnt2/raw/master/addons.xml.md5</checksum>
        <datadir zip="true">https://raw.githubusercontent.com/mrgsi/repository.wnt2/master/</datadir>
    </dir> 
    <dir>
        <info compressed="false">https://raw.githubusercontent.com/mrgsi/repository.gsource/master/addons.xml</info>       <checksum>https://raw.githubusercontent.com/mrgsi/repository.gsource/master/addons.xml.md5</checksum>
        <datadir zip="true">https://raw.githubusercontent.com/mrgsi/repository.gsource/master/</datadir>
    </dir>   
    <dir>
        <info compressed="false">https://github.com/mrgsi/repository.alpha.yt/raw/master/addons.xml</info>
        <checksum>https://github.com/mrgsi/repository.alpha.yt/raw/master/addons.xml.md5</checksum>
        <datadir zip="true">https://raw.githubusercontent.com/mrgsi/repository.alpha.yt/master/</datadir>
    </dir>  
	<dir>
		<info compressed="false">https://raw.githubusercontent.com/Gujal00/smrzips/master/addons.xml</info>
		<checksum>https://raw.githubusercontent.com/Gujal00/smrzips/master/addons.xml.md5</checksum>
		<datadir zip="true">https://raw.githubusercontent.com/Gujal00/smrzips/master/zips/</datadir>
    </dir>
    <dir>
        <info compressed="true">https://github.com/zach-morris/repository.zachmorris/raw/master/addons.xml</info>
        <checksum>https://github.com/zach-morris/repository.zachmorris/raw/master/addons.xml.md5</checksum>
        <datadir zip="true">https://raw.githubusercontent.com/zach-morris/repository.zachmorris/master/</datadir>
    </dir>
    <dir minversion="18.9.0">
        <info compressed="false">https://raw.github.com/jmooremcc/Repository.jmooremcc/master/addons.xml</info> <checksum>https://raw.github.com/jmooremcc/Repository.jmooremcc/master/addons.xml.md5</checksum>
	    <datadir zip="true">https://raw.github.com/jmooremcc/Repository.jmooremcc/master</datadir>
    </dir>
    <dir>
		<info compressed="false">https://raw.githubusercontent.com/thecrewwh/zips/master/matrix/_zip/addons.xml</info>
        <checksum>https://raw.githubusercontent.com/thecrewwh/zips/master//matrix/_zip/addons.xml.md5</checksum>
		<datadir zip="true">https://raw.githubusercontent.com/thecrewwh/zips/master//matrix/_zip</datadir>
	</dir>
    <dir minversion="18.9.0" maxversion="19.9.0">
        <info compressed="false">https://raw.githubusercontent.com/jurialmunkey/repository.jurialmunkey/master/matrix/zips/addons.xml</info>
         <checksum>https://raw.githubusercontent.com/jurialmunkey/repository.jurialmunkey/master/matrix/zips/addons.xml.md5</checksum>
        <datadir zip="true">https://raw.githubusercontent.com/jurialmunkey/repository.jurialmunkey/master/matrix/zips/</datadir>
     </dir>
     <dir minversion="19.9.1">
        <info compressed="false">https://raw.githubusercontent.com/jurialmunkey/repository.jurialmunkey/master/nexusrepo/zips/addons.xml</info>
        <checksum>https://raw.githubusercontent.com/jurialmunkey/repository.jurialmunkey/master/nexusrepo/zips/addons.xml.md5</checksum>
        <datadir zip="true">https://raw.githubusercontent.com/jurialmunkey/repository.jurialmunkey/master/nexusrepo/zips/</datadir>
    </dir>     
    <dir minversion="18.9.701">
        <info compressed="false">https://raw.githubusercontent.com/umbrellaplug/umbrellaplug.github.io/master/matrix/zips/addons.xml</info>
        <checksum>https://raw.githubusercontent.com/umbrellaplug/umbrellaplug.github.io/master/matrix/zips/addons.xml.md5</checksum>
        <datadir zip="true">https://raw.githubusercontent.com/umbrellaplug/umbrellaplug.github.io/master/matrix/zips/</datadir>
    </dir>
    <dir>
        <info compressed="false">https://raw.githubusercontent.com/CocoJoe2411/repository.cocoscrapers/master/zips/addons.xml</info>
        <checksum>https://raw.githubusercontent.com/CocoJoe2411/repository.cocoscrapers/master/zips/addons.xml.md5</checksum>
        <datadir zip="true">https://raw.githubusercontent.com/CocoJoe2411/repository.cocoscrapers/master/zips/</datadir>
    </dir>    
    <dir>
        <info compressed="false">https://raw.githubusercontent.com/jewbmx/repo/master/addons.xml</info>
        <checksum>https://raw.githubusercontent.com/jewbmx/repo/master/addons.xml.md5</checksum>
        <datadir zip="true">https://raw.githubusercontent.com/jewbmx/repo/master/zips/</datadir>
    </dir>
<!-- -->
    <dir>
        <info compressed="false">http://narcacist.com/_repo/addons.xml</info>
        <checksum>http://narcacist.com/_repo/addons.xml.md5</checksum>
        <datadir zip="true">http://narcacist.com/_repo/</datadir>
	</dir>
    <dir>
        <info compressed="false">https://raw.githubusercontent.com/peno64/repository.peno64/master/repo/zips/addons.xml</info>
       <checksum>https://raw.githubusercontent.com/peno64/repository.peno64/master/repo/zips/addons.xml.md5</checksum>
       <datadir zip="true">https://raw.githubusercontent.com/peno64/repository.peno64/master/repo/zips/</datadir>
    </dir>
    <dir minversion="18.0" maxversion="18.9.9">
        <info compressed="false">https://raw.githubusercontent.com/peno64/repository.peno64/master/leia/zips/addons.xml</info>
     <checksum>https://raw.githubusercontent.com/peno64/repository.peno64/master/leia/zips/addons.xml.md5</checksum>
        <datadir zip="true">https://raw.githubusercontent.com/peno64/repository.peno64/master/leia/zips/</datadir>
    </dir>
    <dir minversion="19.0.0">
        <info compressed="false">https://raw.githubusercontent.com/peno64/repository.peno64/master/matrix/zips/addons.xml</info>
         <checksum>https://raw.githubusercontent.com/peno64/repository.peno64/master/matrix/zips/addons.xml.md5</checksum>
        <datadir zip="true">https://raw.githubusercontent.com/peno64/repository.peno64/master/matrix/zips/</datadir>
    </dir>
    <dir>
       <info>https://raw.githubusercontent.com/newt-sc/a4kSubtitles/master/packages/addons.xml</info>
       <checksum>https://raw.githubusercontent.com/newt-sc/a4kSubtitles/master/packages/addons.xml.crc</checksum>
       <datadir>https://github.com/newt-sc/a4kSubtitles/archive</datadir>
       <artdir>https://github.com/a4k-openproject/a4kSubtitles/releases/download/v0.0.13</artdir>
    </dir>
</extension>
<extension point="xbmc.addon.metadata">
    <platform>all</platform>
    <summary>G-Man's Top Picks of Great Repos</summary>
    <description>A few of the best (in my opinion) repos for Kodi 19/20.[CR]There are other great options but I tried to keep the selection to a minimum.</description>
    <assets>
        <icon>icon.png</icon>
    </assets>
</extension>
</addon>