<?xml version="1.0" encoding="UTF-8" standalone="yes"?>
<addon id="repository.jigsaw" name="Jigsaw Repository" version="1.0.0" provider-name="G-Man">
<extension point="xbmc.addon.repository" name="Jigsaw Repository">
    <dir>
        <info compressed="false">https://raw.githubusercontent.com/mrgsi/repository.jigsaw/master/addons.xml</info>       <checksum>https://raw.githubusercontent.com/mrgsi/repository.jigsaw/master/addons.xml.md5</checksum>
        <datadir zip="true">https://raw.githubusercontent.com/mrgsi/repository.jigsaw/master/</datadir>
    </dir>
    <dir>
        <info compressed="false">https://github.com/chrisism/repository.chrisism/raw/master/repository/addons.xml</info>
        <checksum>https://github.com/chrisism/repository.chrisism/raw/master/repository/addons.xml.md5</checksum>
        <datadir zip="true">https://github.com/chrisism/repository.chrisism/raw/master/repository/</datadir>
    </dir>
    <dir minversion="18.9.700">
        <info compressed="false">https://github.com/chrisism/repository.chrisism/raw/master/matrix/addons.xml</info>
       <checksum>https://github.com/chrisism/repository.chrisism/raw/master/matrix/addons.xml.md5</checksum>
       <datadir zip="true">https://github.com/chrisism/repository.chrisism/raw/master/matrix/</datadir>
    </dir>
    <dir>
        <info compressed="true">https://github.com/zach-morris/repository.zachmorris/raw/master/addons.xml</info>
        <checksum>https://github.com/zach-morris/repository.zachmorris/raw/master/addons.xml.md5</checksum>
        <datadir zip="true">https://raw.githubusercontent.com/zach-morris/repository.zachmorris/master/</datadir>
    </dir>
</extension>
<extension point="xbmc.addon.metadata">
    <platform>all</platform>
    <summary>Kodi Gaming</summary>
    <description>Resources to play games in Kodi[CR]For more information see these web pages:[CR]IAGL - https://github.com/zach-morris/plugin.program.iagl/wiki[CR]AEL - https://github.com/Wintermute0110/plugin.program.advanced.emulator.launcher/wiki[CR]Game Add-ons - https://forum.kodi.tv/forumdisplay.php?fid=291[CR]Gaming - https://forum.kodi.tv/forumdisplay.php?fid=292</description>
    <assets>
        <icon>icon.png</icon>
    </assets>
</extension>
</addon>